title,company,location,posted,salary,url
Senior Python Backend Engineer (m/f/x),Makersite,"BE, Germany",3d,Not disclosed,https://weworkremotely.com/remote-jobs/makersite-senior-python-backend-engineer-m-f-x
Backend Engineer- Python/Django,Search Atlas,"New York, NY",10d,"$50,000 - $74,999 USD",https://weworkremotely.com/remote-jobs/search-atlas-backend-engineer-python-django
Senior Backend Developer (Python),Proxify AB,Sweden,24d,Not disclosed,https://weworkremotely.com/remote-jobs/proxify-ab-senior-backend-developer-python-3
Lead Backend Engineer (Python/Django),Search Atlas,"New York, NY",1d,"$50,000 - $74,999 USD",https://weworkremotely.com/remote-jobs/search-atlas-lead-backend-engineer-python-django
Senior Software Engineer - Backend/Python - USA Only (100% Remote),Close,USA,16d,"$100,000 or more USD",https://weworkremotely.com/remote-jobs/close-senior-software-engineer-backend-python-usa-only-100-remote-1
Senior Python Engineer,Valory AG,"Zug, Switzerland",16d,"$100,000 or more USD",https://weworkremotely.com/remote-jobs/valory-ag-senior-python-engineer
Javascript Fullstack Engineer - Senior,Lumenalta,New York,NEW,"$50,000 - $74,999 USD",https://weworkremotely.com/remote-jobs/lumenalta-javascript-fullstack-engineer-senior
Full Stack Javascript Developer (Shape Up + Small team),Inovo Studios,"Nashville, TN",19d,Not disclosed,https://weworkremotely.com/remote-jobs/inovo-studios-full-stack-javascript-developer-shape-up-small-team-1
Backend Java Developer,Toptal,Remote,29d,"$100,000 or more USD",https://weworkremotely.com/remote-jobs/toptal-backend-java-developer
